{
    "position": [
        -0.088055,
        0.018455,
        0.373106
    ],
    "quaternion": [
        0.07344277001258005,
        0.7631656441221814,
        -0.03781178596100397,
        0.6409014183217999
    ]
}