{
    "position": [
        0.023671,
        0.00098,
        0.280781
    ],
    "quaternion": [
        -0.013013009964811598,
        0.7434167412581082,
        0.01047554313722576,
        0.6686198272447584
    ]
}