{
    "position": [
        0.056127,
        0.0,
        0.213266
    ],
    "quaternion": [
        0.0,
        0.6755837736314219,
        0.0,
        0.7372832324188091
    ]
}